,yaw,pitch,roll,label
0,-23.272174835205078,-28.142759323120117,10.641501426696777,0.0
1,-24.453407287597656,-21.850223541259766,9.463135719299316,0.0
2,-18.070598602294922,-10.692638397216797,1.262892723083496,0.0
3,-27.981979370117188,-16.064294815063477,0.7503657341003418,0.0
4,-18.74362564086914,-19.584312438964844,5.556027412414551,0.0
5,-21.299726486206055,-17.81982421875,7.410497188568115,0.0
6,-9.990246772766113,-12.496696472167969,7.885680675506592,0.0
7,-4.726608753204346,-14.955619812011719,6.76432991027832,0.0
8,-3.9311161041259766,-18.620174407958984,4.981269836425781,0.0
9,2.303762197494507,-22.206567764282227,4.521265029907227,0.0
10,-12.816932678222656,-28.28700065612793,6.971068382263184,0.0
11,-15.588119506835938,-29.0045166015625,6.104063034057617,0.0
12,20.279186248779297,-30.34189224243164,5.369592666625977,0.0
13,-19.815080642700195,-30.55327606201172,9.464781761169434,0.0
14,-6.768342971801758,-4.366692543029785,8.38146686553955,0.0
15,6.9964189529418945,-6.69157600402832,2.2912988662719727,0.0
16,1.1798043251037598,-4.26754903793335,1.5727403163909912,0.0
17,4.708043098449707,-2.4745302200317383,-0.14932434260845184,0.0
18,2.378018856048584,0.23657643795013428,-0.8739560842514038,0.0
19,8.32237434387207,-3.440978765487671,1.9928662776947021,0.0
20,9.552132606506348,-1.7459807395935059,1.6432127952575684,0.0
21,-0.945948600769043,-6.434994697570801,2.8321733474731445,0.0
22,-14.907142639160156,-2.9234213829040527,3.206836700439453,0.0
23,-2.047483444213867,-22.766557693481445,4.777978897094727,0.0
24,1.0811891555786133,1.85001802444458,12.125848770141602,0.0
25,-2.0997262001037598,-14.658212661743164,1.5962201356887817,0.0
26,-18.430429458618164,-19.835132598876953,4.235602378845215,0.0
27,-11.793015480041504,-22.693206787109375,12.057670593261719,0.0
28,2.086836338043213,-21.340084075927734,1.5530145168304443,0.0
29,-33.0948371887207,-17.491546630859375,6.170151233673096,0.0
30,-18.834030151367188,-17.70541763305664,4.7836408615112305,0.0
31,-18.611862182617188,-30.172082901000977,6.1629638671875,0.0
32,-24.604236602783203,-12.246175765991211,-0.18655037879943848,0.0
33,-10.056483268737793,-5.767432689666748,0.8906722664833069,0.0
34,-10.201273918151855,-21.624828338623047,-0.23669695854187012,0.0
35,-1.3231086730957031,-11.639535903930664,8.309091567993164,0.0
36,-6.18006706237793,-20.38580322265625,-10.331586837768555,0.0
37,-11.282173156738281,-17.068702697753906,-17.2996883392334,0.0
38,-8.047531127929688,-14.64201545715332,-7.559786796569824,0.0
39,-29.752962112426758,-17.667829513549805,-11.468921661376953,0.0
40,-22.759258270263672,-8.171268463134766,-17.21394920349121,0.0
41,-19.312824249267578,-8.979914665222168,-11.734176635742188,0.0
42,-12.283233642578125,-20.72960662841797,0.7493016719818115,0.0
43,-14.09090518951416,-24.08321762084961,-2.768922805786133,0.0
44,-34.255470275878906,-21.66897201538086,6.762944221496582,0.0
45,-19.095760345458984,-16.510892868041992,4.84830379486084,0.0
46,-26.695697784423828,-23.471473693847656,-3.47727108001709,0.0
47,-14.64217758178711,-6.5941267013549805,2.2893993854522705,0.0
48,-3.9232916831970215,-13.916540145874023,2.5833120346069336,0.0
49,-11.816770553588867,-14.39383316040039,-0.2679828405380249,0.0
50,-1.3094615936279297,-10.62043571472168,-0.7934221625328064,0.0
51,-17.865800857543945,-15.384015083312988,-2.115377187728882,0.0
52,-28.471324920654297,-20.960506439208984,-1.5079913139343262,0.0
53,-32.056522369384766,-13.666376113891602,-2.305737018585205,0.0
54,-9.047056198120117,-9.542953491210938,-2.352836847305298,0.0
55,-16.43488311767578,-16.667245864868164,-2.1225666999816895,0.0
56,-11.470378875732422,-14.764419555664062,1.4296295642852783,0.0
57,2.4754281044006348,-13.629219055175781,3.245882511138916,0.0
58,1.0744487047195435,-12.301183700561523,4.278369903564453,0.0
59,-2.59433650970459,-13.227411270141602,3.4166579246520996,0.0
60,-2.605992317199707,-14.51730728149414,4.175779342651367,0.0
61,2.878526210784912,-11.614990234375,2.445528507232666,0.0
62,4.146884441375732,-3.7567906379699707,0.44507908821105957,0.0
63,-8.329622268676758,-12.401021957397461,6.292255401611328,0.0
64,-21.28898048400879,-15.366188049316406,3.4840989112854004,0.0
65,-9.35482406616211,-13.773294448852539,4.980046272277832,0.0
66,-7.444547176361084,-9.636053085327148,3.5794451236724854,0.0
67,-7.0479583740234375,-11.605928421020508,6.764791965484619,0.0
68,-11.182682991027832,-19.59851837158203,5.351759433746338,0.0
69,-7.625547409057617,-11.760759353637695,6.273838520050049,0.0
70,-7.004350185394287,-13.801939010620117,5.038402557373047,0.0
71,-8.734334945678711,-10.080669403076172,6.0690107345581055,0.0
72,-9.966110229492188,-13.128662109375,5.445963382720947,0.0
73,-12.35733413696289,-10.51806640625,5.9525861740112305,0.0
74,-10.969661712646484,-13.171310424804688,5.759585380554199,0.0
75,-10.947652816772461,-12.57895278930664,6.466115951538086,0.0
76,-4.444556713104248,-11.079984664916992,5.88333797454834,0.0
77,-9.256385803222656,-8.887194633483887,-0.06722912192344666,0.0
78,1.040384292602539,-4.029661178588867,-0.9607813954353333,0.0
79,-2.9619789123535156,-11.651887893676758,0.2623317837715149,0.0
80,-13.476459503173828,-10.436227798461914,-1.4253019094467163,0.0
81,-4.191004753112793,-11.102014541625977,1.9300546646118164,0.0
82,-6.766078948974609,-10.459161758422852,3.1787495613098145,0.0
83,-12.131088256835938,-12.677882194519043,4.015331268310547,0.0
84,-2.0069897174835205,-12.009725570678711,2.351146936416626,0.0
85,-4.046780586242676,-12.322563171386719,3.5694432258605957,0.0
86,-6.781961917877197,-14.055245399475098,3.4708938598632812,0.0
87,-1.4338150024414062,-12.652130126953125,4.007834434509277,0.0
88,-0.03650534152984619,-10.926633834838867,4.535160064697266,0.0
89,1.463849425315857,-12.054885864257812,4.384641170501709,0.0
90,-8.64563274383545,-9.618186950683594,2.86453914642334,0.0
91,-7.75369119644165,-12.732888221740723,5.525171279907227,0.0
92,-0.760320782661438,-12.47901725769043,6.227657794952393,0.0
93,-16.912866592407227,-19.403310775756836,10.199565887451172,0.0
94,-7.643564224243164,-12.158720016479492,4.428591251373291,0.0
95,-6.436121940612793,-11.961931228637695,5.187921524047852,0.0
96,-7.112313270568848,-12.075451850891113,4.663670063018799,0.0
97,-6.704385757446289,-12.747186660766602,5.539389610290527,0.0
98,-4.963608741760254,-11.783836364746094,3.3458423614501953,0.0
99,-1.6929254531860352,-13.4778470993042,4.173088073730469,0.0
100,3.371704578399658,-9.941312789916992,3.610212802886963,0.0
101,3.8624331951141357,-12.223978042602539,0.9624520540237427,0.0
102,-2.076568126678467,-14.699609756469727,3.6819233894348145,0.0
103,4.908432960510254,-10.961137771606445,-2.0595061779022217,0.0
104,0.37460237741470337,-10.798434257507324,7.273631572723389,0.0
105,-1.8751590251922607,-9.481945037841797,4.177402973175049,0.0
106,-5.769272804260254,-13.126161575317383,3.717573881149292,0.0
107,-10.914931297302246,-16.375402450561523,3.4752023220062256,0.0
108,-0.559208869934082,-17.460416793823242,3.7815747261047363,0.0
109,-0.23833990097045898,-14.750238418579102,2.8744285106658936,0.0
110,-23.41982078552246,-8.91045093536377,0.25304365158081055,0.0
111,-15.17371654510498,-13.55978775024414,1.8074592351913452,0.0
112,-19.841487884521484,-19.245941162109375,7.05491828918457,0.0
113,1.2630503177642822,-13.584369659423828,3.581014394760132,0.0
114,0.8530745506286621,-12.53458309173584,4.52847957611084,0.0
115,0.8861780166625977,-14.67989730834961,2.408839702606201,0.0
116,1.7427735328674316,-9.783719062805176,2.5835483074188232,0.0
117,5.543128967285156,-12.291718482971191,-1.0512325763702393,0.0
118,-0.773508608341217,-16.693904876708984,3.5526554584503174,0.0
119,-0.10266220569610596,-13.562196731567383,0.9981573224067688,0.0
120,2.1636364459991455,-15.002195358276367,0.1101919412612915,0.0
121,-13.280547142028809,-6.809023380279541,-2.754910469055176,0.0
122,-16.02751922607422,-31.303909301757812,2.165994167327881,0.0
123,-2.2758595943450928,-4.610894680023193,-0.7471115589141846,0.0
124,-4.641513824462891,-11.027589797973633,-1.5887008905410767,0.0
125,-8.225804328918457,-13.98922061920166,3.5676379203796387,0.0
126,-18.257801055908203,-10.961416244506836,5.1929168701171875,0.0
127,-5.698791027069092,-15.367359161376953,4.070547103881836,0.0
128,-11.102300643920898,-12.164407730102539,3.5941524505615234,0.0
129,-12.282114028930664,-7.632834434509277,1.3442513942718506,0.0
130,-2.402703046798706,-11.117431640625,6.310522556304932,0.0
131,-4.025449275970459,-14.503259658813477,4.167430877685547,0.0
132,-2.7903616428375244,-15.452651977539062,3.3507614135742188,0.0
133,-2.5915541648864746,-13.075587272644043,1.861032247543335,0.0
134,-1.9787224531173706,-13.538045883178711,3.5432791709899902,0.0
135,-9.619440078735352,-24.723474502563477,2.9845516681671143,0.0
136,-3.6583404541015625,-16.65951919555664,0.4459162950515747,0.0
137,-3.594956636428833,-15.438335418701172,3.0207748413085938,0.0
138,-3.8370280265808105,-15.124794960021973,2.75484037399292,0.0
139,-2.1990833282470703,-12.24819278717041,2.746553421020508,0.0
140,-2.515843629837036,-14.62335205078125,3.1956069469451904,0.0
141,-3.0710177421569824,-15.56428050994873,3.0757274627685547,0.0
142,-2.325768232345581,-13.97488784790039,2.7400426864624023,0.0
143,2.8025553226470947,-17.686277389526367,0.4522268772125244,0.0
144,1.2701172828674316,-16.26930809020996,0.7027814388275146,0.0
145,-1.7176876068115234,-13.507415771484375,0.10126638412475586,0.0
146,-11.387928009033203,-19.17053985595703,14.584510803222656,0.0
147,-5.045135498046875,-10.956275939941406,1.5472209453582764,0.0
148,-1.242920160293579,-12.242450714111328,2.1854100227355957,0.0
149,-2.8062870502471924,-15.902055740356445,2.9265828132629395,0.0
150,0.14907744526863098,-15.083465576171875,2.4958226680755615,0.0
151,-3.81075382232666,-15.79962158203125,1.8551830053329468,0.0
152,1.0702571868896484,-7.8356032371521,3.487715721130371,0.0
153,-6.684367656707764,-7.687961578369141,1.9934782981872559,0.0
154,-0.5332314968109131,-14.879860877990723,8.38778305053711,0.0
155,-7.435522079467773,-9.016642570495605,0.7205678224563599,0.0
156,-7.620314121246338,-11.503030776977539,3.918198585510254,0.0
157,-14.390121459960938,-10.796407699584961,3.4881091117858887,0.0
158,-12.786493301391602,-6.626654624938965,3.8168487548828125,0.0
159,-3.956465721130371,-10.753531455993652,4.046057224273682,0.0
160,0.8617191314697266,-13.390569686889648,3.413530111312866,0.0
161,1.1629995107650757,-15.012744903564453,3.43679141998291,0.0
162,6.152834892272949,-15.281449317932129,4.456112861633301,0.0
163,0.7057281732559204,-9.651787757873535,2.03292179107666,0.0
164,3.91556715965271,-13.50897216796875,1.1535744667053223,0.0
165,-44.15657043457031,-14.131851196289062,-6.015734672546387,0.0
166,-43.934776306152344,-13.661176681518555,5.32793664932251,0.0
167,-32.492000579833984,-16.75688362121582,-13.031658172607422,0.0
168,-44.434234619140625,-16.669485092163086,-6.741007328033447,0.0
169,-44.546852111816406,-11.603105545043945,-2.858501672744751,0.0
170,-34.88346481323242,-17.038135528564453,-6.475645542144775,0.0
171,-12.924480438232422,-23.827808380126953,0.7666363716125488,0.0
172,10.652813911437988,-20.3673038482666,6.914580345153809,0.0
173,-20.439708709716797,-24.07674789428711,2.475205183029175,0.0
174,-5.475306510925293,-14.421338081359863,5.044147491455078,0.0
175,-16.506301879882812,-23.343334197998047,4.139127254486084,0.0
176,-22.529987335205078,-21.675846099853516,8.424245834350586,0.0
177,-6.694203853607178,-28.73090362548828,6.158162593841553,0.0
178,-11.408641815185547,-27.94202423095703,5.743168830871582,0.0
179,-16.40081787109375,-13.218321800231934,13.757476806640625,0.0
180,-19.38518524169922,-22.119314193725586,14.067144393920898,0.0
181,-16.807472229003906,-23.311540603637695,0.5241695046424866,0.0
182,-14.205229759216309,-22.271432876586914,5.108453273773193,0.0
183,-15.243547439575195,-25.872608184814453,3.468316078186035,0.0
184,-4.848735332489014,-11.582608222961426,7.434508800506592,0.0
185,-17.819555282592773,-10.497673034667969,2.3921830654144287,0.0
186,-3.8796262741088867,-25.166996002197266,4.6041717529296875,0.0
187,-21.37538719177246,-10.6737060546875,3.1747679710388184,0.0
188,-20.55514907836914,-9.80357551574707,0.10029931366443634,0.0
189,-19.2186279296875,-11.237844467163086,0.2529588043689728,0.0
190,-19.83547019958496,-22.7486572265625,3.6912314891815186,0.0
191,-14.873130798339844,-9.28170394897461,1.0755553245544434,0.0
192,-13.3416109085083,-17.257308959960938,0.9358741044998169,0.0
193,-16.845611572265625,-1.7400684356689453,-2.4061756134033203,0.0
194,-11.236417770385742,-18.489974975585938,5.537405967712402,0.0
195,-15.954776763916016,-15.367630004882812,-0.37049543857574463,0.0
196,-19.073223114013672,-24.987991333007812,5.696488857269287,0.0
197,-12.630179405212402,-32.01668167114258,1.369379997253418,0.0
198,-2.6445674896240234,-9.720355987548828,4.377358436584473,0.0
199,-24.58196449279785,-22.096664428710938,8.847884178161621,0.0
200,-15.225677490234375,-21.538131713867188,7.737608432769775,0.0
201,-13.48155403137207,-15.91454029083252,9.113908767700195,0.0
202,-5.602028846740723,-12.254720687866211,4.372117042541504,0.0
203,-20.499813079833984,-13.097044944763184,1.5458908081054688,0.0
204,-15.980485916137695,-13.79922103881836,5.453693866729736,0.0
205,-4.965136528015137,-9.45059585571289,0.3445427417755127,0.0
206,-5.92718505859375,-11.407445907592773,4.7709784507751465,0.0
207,-10.773616790771484,-37.93485641479492,1.3858816623687744,0.0
208,-15.212011337280273,-16.421234130859375,6.095028400421143,0.0
209,-10.651932716369629,-12.137691497802734,2.589336633682251,0.0
210,-12.286279678344727,-15.077964782714844,3.995159387588501,0.0
211,-16.319732666015625,-15.55211067199707,4.584563732147217,0.0
212,-15.01738166809082,-11.10699462890625,5.990619659423828,0.0
213,-15.006017684936523,-15.912569046020508,2.306457757949829,0.0
214,-17.08047103881836,-15.832149505615234,2.145803451538086,0.0
215,-14.516603469848633,-4.67521858215332,1.8689323663711548,0.0
216,-5.812771320343018,-25.561222076416016,0.6375941634178162,0.0
217,-27.892925262451172,-13.665229797363281,1.8805729150772095,0.0
218,-17.792163848876953,-11.054813385009766,0.8865844011306763,0.0
219,-15.574722290039062,-14.549253463745117,6.424411773681641,0.0
220,-10.945793151855469,-11.165304183959961,2.6433265209198,0.0
221,-20.629127502441406,-7.903148651123047,-2.6632022857666016,0.0
222,-14.491226196289062,-14.881021499633789,4.897737979888916,0.0
223,-34.163753509521484,-21.386699676513672,-2.3359408378601074,0.0
224,-4.777770519256592,-22.709068298339844,2.445199966430664,0.0
225,5.010127544403076,-16.95650291442871,3.147197961807251,0.0
226,-12.018594741821289,-20.18100357055664,10.702722549438477,0.0
227,-0.09159184992313385,-9.984073638916016,8.811134338378906,0.0
228,8.96409797668457,-18.716283798217773,2.860037326812744,0.0
229,6.843845367431641,-16.7565860748291,4.114832878112793,0.0
230,-10.055379867553711,-23.058971405029297,3.456040859222412,0.0
231,-0.8176276683807373,-14.375259399414062,1.8407351970672607,0.0
232,-1.156059980392456,-14.215516090393066,1.8648991584777832,0.0
233,-6.296986103057861,-15.771184921264648,1.721881628036499,0.0
234,1.8187198638916016,-17.39173126220703,-2.429466962814331,0.0
235,-6.69389009475708,-24.55907440185547,1.0938633680343628,0.0
236,-29.338144302368164,-24.52520751953125,-3.4198880195617676,0.0
237,-7.999018669128418,-25.530227661132812,4.495302200317383,0.0
238,-6.945324420928955,-23.33338165283203,0.9046401977539062,0.0
239,7.852855682373047,-16.411279678344727,1.83856201171875,0.0
240,1.895411491394043,-16.42192840576172,4.911367893218994,0.0
241,8.355992317199707,-18.833816528320312,-8.337240219116211,0.0
242,9.123421669006348,-30.99140739440918,-6.074594974517822,0.0
243,3.4398374557495117,-23.23324203491211,-7.08473014831543,0.0
244,1.867720603942871,-12.48124885559082,-5.819622993469238,0.0
245,12.14982795715332,-19.274539947509766,-3.02775239944458,0.0
246,-1.2554813623428345,-19.310853958129883,-2.1282505989074707,0.0
247,-3.0598514080047607,-18.13219451904297,2.5127193927764893,0.0
248,-1.1982722282409668,-14.340309143066406,0.5297026634216309,0.0
249,14.797388076782227,-14.433218002319336,-0.6335172653198242,0.0
250,13.05831527709961,-13.615863800048828,-1.954468011856079,0.0
251,10.152499198913574,-17.344093322753906,-3.391641855239868,0.0
252,14.236593246459961,-21.90384864807129,-3.932297706604004,0.0
253,9.920320510864258,-22.161056518554688,-0.3777155876159668,0.0
254,5.140989303588867,-16.83638572692871,1.9139477014541626,0.0
255,2.8251514434814453,-21.005905151367188,4.608364105224609,0.0
256,1.5566283464431763,-16.9350643157959,2.7254397869110107,0.0
257,1.7248687744140625,-15.803715705871582,2.654994010925293,0.0
258,6.396236896514893,-18.793956756591797,-1.6476404666900635,0.0
259,4.790345191955566,-17.79188346862793,-1.2398992776870728,0.0
260,3.91843318939209,-18.595401763916016,1.0120114088058472,0.0
261,7.831273078918457,-17.89214324951172,-0.15703129768371582,0.0
262,-3.109895706176758,-19.482341766357422,1.4516267776489258,0.0
263,4.072304725646973,-14.274749755859375,-0.7384284734725952,0.0
264,11.745290756225586,-15.570608139038086,1.3793745040893555,0.0
265,9.052667617797852,-16.609546661376953,0.159865140914917,0.0
266,2.1409049034118652,-15.461908340454102,-0.2381972074508667,0.0
267,7.418091297149658,-15.071554183959961,-0.32976865768432617,0.0
268,6.849205493927002,-16.80239486694336,0.14962702989578247,0.0
269,6.5679850578308105,-15.590555191040039,-0.9594428539276123,0.0
270,6.421108722686768,-19.220375061035156,-2.2220983505249023,0.0
271,6.534500598907471,-16.918689727783203,-0.7657296657562256,0.0
272,4.927358627319336,-13.440567016601562,-2.253150463104248,0.0
273,5.058014869689941,-17.355995178222656,-1.9435529708862305,0.0
274,5.821111679077148,-17.569011688232422,-1.1029528379440308,0.0
275,-2.3639943599700928,-20.82439613342285,-0.06319046020507812,0.0
276,-3.743570327758789,-13.589408874511719,3.5927746295928955,0.0
277,-0.5355560779571533,-16.0528507232666,0.07362502813339233,0.0
278,-11.068161010742188,-29.375030517578125,5.273082256317139,0.0
279,24.30347442626953,-16.582839965820312,28.297529220581055,0.0
280,4.082147598266602,-21.98386001586914,0.7487039566040039,0.0
281,5.9206976890563965,-17.967937469482422,-0.9868572950363159,0.0
282,8.469943046569824,-13.158943176269531,0.8910852670669556,0.0
283,6.856618881225586,-13.374836921691895,2.193958282470703,0.0
284,2.6864066123962402,-14.613454818725586,2.127746105194092,0.0
285,9.889716148376465,-18.07940673828125,-1.260637640953064,0.0
286,0.6240170001983643,-15.752349853515625,-1.2718119621276855,0.0
287,3.2969698905944824,-15.376381874084473,-0.41292107105255127,0.0
288,6.75700569152832,-18.034534454345703,-1.4581854343414307,0.0
289,7.558894157409668,-13.82597541809082,0.5158295631408691,0.0
290,3.162452220916748,-15.559067726135254,1.21004319190979,0.0
291,-0.1888103485107422,-22.9486141204834,2.689319610595703,0.0
292,-15.70434284210205,-7.935686111450195,-6.418817520141602,0.0
293,12.68403148651123,-13.858633041381836,0.12512946128845215,0.0
294,3.653644561767578,-12.780265808105469,1.9695570468902588,0.0
295,-3.6248559951782227,-19.417343139648438,5.863561630249023,0.0
296,2.1062350273132324,-20.908599853515625,2.8027682304382324,0.0
297,-1.2533810138702393,-13.305562973022461,2.8261001110076904,0.0
298,4.353696346282959,-15.079079627990723,1.4545583724975586,0.0
299,4.987031936645508,-16.039031982421875,3.2184929847717285,0.0
300,6.841395378112793,-13.910749435424805,1.386418104171753,0.0
301,3.2434134483337402,-16.267314910888672,-1.1885814666748047,0.0
302,-5.536029815673828,-19.250614166259766,6.318478584289551,0.0
303,13.45150375366211,-18.151836395263672,-1.983908772468567,0.0
304,13.312986373901367,-16.308347702026367,-1.5189917087554932,0.0
305,14.974897384643555,-16.553203582763672,-4.470419406890869,0.0
306,10.812532424926758,-15.009014129638672,-1.312903881072998,0.0
307,9.715761184692383,-17.525455474853516,-1.7945700883865356,0.0
308,17.66446304321289,-16.55106544494629,-1.4022821187973022,0.0
309,12.540570259094238,-16.448522567749023,-2.490436553955078,0.0
310,14.45775032043457,-16.879085540771484,-4.226871013641357,0.0
311,10.058389663696289,-18.925018310546875,4.6337738037109375,0.0
312,8.770214080810547,-16.129907608032227,1.023603916168213,0.0
313,11.465301513671875,-11.622904777526855,2.263434886932373,0.0
314,11.19068717956543,-16.95363998413086,1.9587371349334717,0.0
315,10.502187728881836,-17.769817352294922,0.6955609321594238,0.0
316,3.946500062942505,-20.302181243896484,0.31692075729370117,0.0
317,13.563232421875,-14.652174949645996,-1.675237774848938,0.0
318,11.72889232635498,-16.266582489013672,-1.9318747520446777,0.0
319,15.542204856872559,-16.558298110961914,-2.4625866413116455,0.0
320,18.869768142700195,-18.07120132446289,-2.9525511264801025,0.0
321,16.25702667236328,-16.548255920410156,-1.3394442796707153,0.0
322,16.72327995300293,-14.18110466003418,-2.8553054332733154,0.0
323,9.901897430419922,-8.77653980255127,0.9618263244628906,0.0
324,-20.670963287353516,-5.7168731689453125,-0.6637663245201111,0.0
325,-0.47376155853271484,-8.963504791259766,4.18508243560791,0.0
326,11.422379493713379,-18.82801055908203,-1.1545252799987793,0.0
327,-34.141883850097656,-24.452877044677734,0.9463900327682495,0.0
328,6.708444118499756,-19.60431480407715,0.9910984039306641,0.0
329,7.407737731933594,-15.38797378540039,-2.558347702026367,0.0
330,7.705302715301514,-14.793394088745117,-2.395960807800293,0.0
331,6.695600509643555,-18.06645393371582,0.19815218448638916,0.0
332,2.889923572540283,-14.498346328735352,2.0418028831481934,0.0
333,1.223975658416748,-22.278167724609375,2.5495660305023193,0.0
334,2.633680582046509,-18.60791778564453,-0.5635013580322266,0.0
335,-23.783794403076172,-17.86884307861328,8.079703330993652,0.0
336,-5.784904479980469,-12.272418975830078,5.212576866149902,0.0
337,-5.747150897979736,-15.1447114944458,4.068547248840332,0.0
338,-4.1334147453308105,-14.126408576965332,1.256730318069458,0.0
339,4.150056838989258,-21.533424377441406,2.6627962589263916,0.0
340,11.385507583618164,-15.440013885498047,0.5434612035751343,0.0
341,11.139694213867188,-15.202558517456055,1.7111834287643433,0.0
342,13.463165283203125,-16.241670608520508,-1.3607064485549927,0.0
343,13.529121398925781,-29.17858123779297,4.386139869689941,0.0
344,15.89396858215332,-13.52261734008789,0.15644985437393188,0.0
345,15.806079864501953,-12.835123062133789,-2.667725086212158,0.0
346,16.34387969970703,-15.730382919311523,-0.3049144744873047,0.0
347,16.747371673583984,-15.98697280883789,-3.0225982666015625,0.0
348,10.193842887878418,-13.675705909729004,-1.6958009004592896,0.0
349,22.206483840942383,-19.50558090209961,-4.962674617767334,0.0
350,17.083667755126953,-16.910524368286133,-4.3375983238220215,0.0
351,20.045764923095703,-18.563068389892578,-3.727581024169922,0.0
352,-0.3539384603500366,-14.431286811828613,13.913045883178711,0.0
353,20.50412368774414,-21.014041900634766,-4.650235652923584,0.0
354,-2.082461357116699,-16.75296974182129,7.6346755027771,0.0
355,0.07555031776428223,-16.118419647216797,0.8723446130752563,0.0
356,-4.649210453033447,-8.146191596984863,7.021786689758301,0.0
357,4.014165878295898,-17.98025894165039,0.6472693681716919,0.0
358,12.388484954833984,-14.925987243652344,-6.93697452545166,0.0
359,9.252111434936523,-17.352523803710938,-1.3726457357406616,0.0
360,6.918917179107666,-23.466419219970703,-0.0929872989654541,0.0
361,10.057592391967773,-21.956687927246094,-2.913316249847412,0.0
362,-10.573888778686523,-24.073650360107422,5.34816837310791,0.0
363,7.440626621246338,-17.36098861694336,-3.010619640350342,0.0
364,9.454107284545898,-23.011032104492188,-1.09132981300354,0.0
365,-4.475472927093506,-19.519433975219727,4.476400375366211,0.0
366,-3.9230408668518066,-18.569538116455078,4.935717582702637,0.0
367,8.65296745300293,-17.121408462524414,0.7151246070861816,0.0
368,-4.64457893371582,-15.535533905029297,2.07150936126709,0.0
369,4.315945625305176,-17.495393753051758,0.0011098384857177734,0.0
370,-1.6688743829727173,-18.151941299438477,3.116710662841797,0.0
371,3.4788005352020264,-24.181476593017578,2.4245119094848633,0.0
372,-10.603118896484375,-28.574302673339844,4.015805721282959,0.0
373,10.276405334472656,-20.367271423339844,-3.9612174034118652,0.0
374,0.3606069087982178,-20.936424255371094,2.6647982597351074,0.0
375,-0.4056001901626587,-17.59998893737793,0.7614972591400146,0.0
376,13.780901908874512,-11.551817893981934,-0.839134693145752,0.0
377,6.781402587890625,-13.421595573425293,-0.16575896739959717,0.0
378,5.637134552001953,-16.79629135131836,1.8051340579986572,0.0
379,-4.924277305603027,-25.08611297607422,2.245500087738037,0.0
380,-2.2801966667175293,-16.713706970214844,2.6297357082366943,0.0
381,8.515929222106934,-23.10601043701172,-0.057485103607177734,0.0
382,0.6287842988967896,-19.42135238647461,3.135676383972168,0.0
383,18.460777282714844,-12.82136344909668,-4.262772083282471,0.0
384,5.460793972015381,-20.042930603027344,-0.6824631690979004,0.0
385,8.503084182739258,-20.366477966308594,1.0534460544586182,0.0
386,-0.8104729652404785,-15.14211654663086,2.4558632373809814,0.0
387,13.002232551574707,-14.830760955810547,-4.56290340423584,0.0
388,2.9973058700561523,-18.976778030395508,-0.09339320659637451,0.0
389,-0.5830521583557129,-21.293781280517578,3.344679117202759,0.0
390,4.350838661193848,-17.406465530395508,-1.317622423171997,0.0
391,-4.9909210205078125,-15.356705665588379,3.4336233139038086,0.0
392,7.047778606414795,-14.189988136291504,0.16751337051391602,0.0
393,2.6368281841278076,-15.399404525756836,-0.499816358089447,0.0
394,7.192276954650879,-17.564699172973633,0.6657995581626892,0.0
395,3.9411239624023438,-17.534626007080078,-1.366199016571045,0.0
396,7.345038890838623,-15.862022399902344,0.7014737725257874,0.0
397,9.75501537322998,-17.393672943115234,-5.612992763519287,0.0
398,13.927854537963867,-15.692708015441895,-2.6574721336364746,0.0
399,8.826592445373535,-23.957157135009766,-1.2660164833068848,0.0
400,12.741170883178711,-12.453448295593262,-2.066789388656616,0.0
401,6.53850793838501,-14.901317596435547,-2.6584064960479736,0.0
402,6.513298034667969,-22.282569885253906,-3.5614383220672607,0.0
403,10.82751750946045,-19.34908676147461,-3.5810978412628174,0.0
404,9.776994705200195,-11.188382148742676,-1.406646490097046,0.0
405,9.214882850646973,-12.679779052734375,-3.247390031814575,0.0
406,21.93212127685547,-16.13564109802246,-1.4146597385406494,0.0
407,-0.003213047981262207,-16.67672348022461,0.8162150382995605,0.0
408,-35.25687789916992,-17.36071014404297,2.3772780895233154,0.0
409,7.049108505249023,-17.690387725830078,1.557778239250183,0.0
410,-0.6844196319580078,-17.670673370361328,0.389908105134964,0.0
411,2.1321191787719727,-14.138484001159668,-1.0939322710037231,0.0
412,4.622127532958984,-13.986330032348633,-0.5504199266433716,0.0
413,5.045015811920166,-19.081998825073242,0.8593369722366333,0.0
414,0.7042285203933716,-20.9720458984375,2.5248899459838867,0.0
415,7.820948600769043,-14.766822814941406,-0.0681380033493042,0.0
416,9.279555320739746,-17.40009307861328,-1.9412405490875244,0.0
417,7.792632579803467,-17.105880737304688,-3.1411080360412598,0.0
418,-16.338459014892578,-12.959039688110352,6.184482574462891,0.0
419,-2.073840379714966,-19.29293441772461,3.2601776123046875,0.0
420,-9.176546096801758,-20.59457015991211,5.852658748626709,0.0
421,-0.19578814506530762,-14.516904830932617,1.948399543762207,0.0
422,-5.4806318283081055,-22.692943572998047,3.4595870971679688,0.0
423,0.8465979099273682,-18.429630279541016,4.456149101257324,0.0
424,1.1730256080627441,-18.00358772277832,3.9188284873962402,0.0
425,3.512662887573242,-18.602561950683594,2.5928220748901367,0.0
426,3.9978725910186768,-18.019399642944336,-0.685994029045105,0.0
427,3.340521812438965,-18.937908172607422,1.7228004932403564,0.0
428,-15.746708869934082,-21.686996459960938,1.4436209201812744,0.0
429,6.2257795333862305,-18.314064025878906,-0.8151851892471313,0.0
430,10.755277633666992,-17.658634185791016,0.504052996635437,0.0
431,2.7641749382019043,-18.63340950012207,1.122087836265564,0.0
432,3.244330883026123,-19.172637939453125,1.0859885215759277,0.0
433,3.3960747718811035,-16.345115661621094,1.0007179975509644,0.0
434,10.605571746826172,-19.170597076416016,-0.49374353885650635,0.0
435,12.108602523803711,-21.131792068481445,-2.9400839805603027,0.0
436,14.953948020935059,-16.126699447631836,-2.912376880645752,0.0
437,0.5908112525939941,-19.706539154052734,-0.2961355447769165,0.0
438,-5.673833847045898,-20.447914123535156,5.830815315246582,0.0
439,5.522541046142578,-15.008925437927246,0.17755722999572754,0.0
440,-5.257122993469238,-13.085039138793945,6.177023887634277,0.0
441,15.835794448852539,-15.168706893920898,-4.015900135040283,0.0
442,-3.058957099914551,-21.733963012695312,4.813045024871826,0.0
443,2.3881995677948,-16.37749671936035,0.23203730583190918,0.0
444,5.138898849487305,-16.06098175048828,-0.17602068185806274,0.0
445,19.99310302734375,-13.214173316955566,-4.786965847015381,0.0
446,-6.092676639556885,-21.35095977783203,0.9652584791183472,0.0
447,19.641132354736328,-14.222732543945312,-6.101829528808594,0.0
448,16.747920989990234,-15.452066421508789,-3.203273296356201,0.0
449,-8.236711502075195,-23.547666549682617,5.869431018829346,0.0
450,-15.231639862060547,-20.22652816772461,4.496270656585693,0.0
451,-4.11568021774292,-22.045263290405273,3.6092753410339355,0.0
452,-5.804592609405518,-20.29895782470703,7.206943035125732,0.0
453,-8.225135803222656,-20.985374450683594,9.864229202270508,0.0
454,-10.582448959350586,-21.314891815185547,8.280437469482422,0.0
455,-8.180679321289062,-21.793466567993164,6.926608085632324,0.0
456,-7.052168369293213,-12.105632781982422,6.380770683288574,0.0
457,-9.209651947021484,-19.137359619140625,3.766955852508545,0.0
458,11.463512420654297,-21.577903747558594,-3.420726776123047,0.0
459,-2.9677202701568604,-21.884305953979492,6.988953113555908,0.0
460,-3.960453987121582,-12.819839477539062,9.635000228881836,0.0
461,-3.2782435417175293,-25.51702880859375,3.113369941711426,0.0
462,-5.70919132232666,-27.05829620361328,1.6922787427902222,0.0
463,8.981523513793945,-11.305583000183105,9.077838897705078,0.0
464,-1.8640152215957642,-24.63328742980957,3.876340866088867,0.0
465,4.98868465423584,-12.031339645385742,0.07121896743774414,0.0
466,8.388589859008789,-13.665785789489746,0.6701498627662659,0.0
467,4.3846540451049805,-21.85041618347168,-3.5069470405578613,0.0
468,7.756211280822754,-16.67914581298828,0.40888452529907227,0.0
469,20.920888900756836,-21.865285873413086,5.247595310211182,0.0
470,2.1047523021698,-28.7945556640625,8.526657104492188,0.0
471,-0.024338960647583008,-24.743085861206055,11.579389572143555,0.0
472,-1.3095476627349854,-21.446556091308594,7.2928972244262695,0.0
473,4.69434118270874,-16.801570892333984,1.6099979877471924,0.0
474,-0.5978856086730957,-27.417972564697266,0.5074436068534851,0.0
475,7.045600891113281,-17.368907928466797,3.827423095703125,0.0
476,5.59160852432251,-22.311203002929688,11.4395751953125,0.0
477,5.22942590713501,-19.230541229248047,2.410149574279785,0.0
478,0.31211864948272705,-21.0305118560791,3.404524326324463,0.0
479,16.4144344329834,-19.20429039001465,0.8686347007751465,0.0
480,11.337789535522461,-21.139789581298828,2.191436767578125,0.0
481,6.4536051750183105,-26.777591705322266,0.929634153842926,0.0
482,8.87724494934082,-9.93559455871582,3.307108163833618,0.0
483,5.768819808959961,-22.431833267211914,3.3206520080566406,0.0
484,-8.738508224487305,-14.146553993225098,9.12862777709961,0.0
485,2.2692153453826904,-17.278915405273438,-0.6455366611480713,0.0
486,-2.9008491039276123,-21.289886474609375,4.137246131896973,0.0
487,-4.502069473266602,-25.572927474975586,6.215911865234375,0.0
488,5.91725492477417,-13.467010498046875,-1.543091058731079,0.0
489,-9.39309024810791,-25.905826568603516,3.0187742710113525,0.0
490,-39.28218078613281,-13.952524185180664,-7.613605499267578,0.0
491,-12.314105987548828,-17.37779426574707,-2.6177473068237305,0.0
492,-6.720490455627441,-18.872535705566406,8.422948837280273,0.0
493,31.088619232177734,-30.095378875732422,6.580872535705566,0.0
494,-11.84736156463623,-26.115421295166016,-5.7418975830078125,0.0
495,-24.381710052490234,-26.080928802490234,-12.126891136169434,0.0
496,-15.818592071533203,-28.33401107788086,-5.5124287605285645,0.0
497,-8.350157737731934,-29.4776611328125,-1.1606957912445068,0.0
498,6.410013198852539,-31.271011352539062,-5.068617343902588,0.0
499,8.384237289428711,-20.95387840270996,1.0658681392669678,0.0
500,0.27117252349853516,-28.57619857788086,-3.7777810096740723,0.0
501,5.496826171875,-22.511850357055664,-3.324056625366211,0.0
502,-17.347759246826172,-12.068459510803223,-11.110014915466309,0.0
503,7.447932243347168,-30.91606903076172,3.9192278385162354,0.0
504,-5.598432540893555,-27.7835693359375,7.266158580780029,0.0
505,-6.528555393218994,-26.962902069091797,4.2067084312438965,0.0
506,-3.2262072563171387,-29.731544494628906,1.5476994514465332,0.0
507,14.624419212341309,-27.666183471679688,5.425938606262207,0.0
508,-10.211629867553711,-19.698291778564453,3.9687864780426025,0.0
509,24.26787757873535,-30.109756469726562,11.313353538513184,0.0
510,12.683293342590332,-18.46523666381836,3.686771869659424,0.0
511,-6.186685085296631,-21.98224449157715,-7.054734230041504,0.0
512,7.155205249786377,-21.569467544555664,-0.6843280792236328,0.0
513,-4.3225417137146,-23.908063888549805,-4.688558101654053,0.0
514,-12.232701301574707,-25.11199378967285,0.21328496932983398,0.0
515,-41.12211227416992,-18.191139221191406,2.83294677734375,0.0
516,14.656750679016113,-22.977800369262695,-0.49611905217170715,0.0
517,19.904701232910156,-36.021209716796875,-5.485254287719727,0.0
518,37.08024597167969,-30.257783889770508,-0.8882409334182739,0.0
519,18.24701499938965,-34.96137619018555,-4.659963130950928,0.0
520,11.602791786193848,-33.979698181152344,-8.276591300964355,0.0
521,-7.955176830291748,-24.556461334228516,3.2830026149749756,0.0
522,-2.2444138526916504,-16.732318878173828,1.173041820526123,0.0
523,0.9528388977050781,-24.69537353515625,-0.7765380144119263,0.0
524,10.288670539855957,-21.624919891357422,2.607100486755371,0.0
525,-10.711708068847656,-28.422470092773438,5.283790588378906,0.0
526,11.612971305847168,-24.74710464477539,-1.0511140823364258,0.0
527,-16.06415367126465,-27.473846435546875,-5.268736839294434,0.0
528,10.528166770935059,-19.800952911376953,11.454814910888672,0.0
529,-4.512825965881348,-21.542560577392578,6.233273506164551,0.0
530,6.774598598480225,-16.339820861816406,10.911450386047363,0.0
531,23.676738739013672,-21.453128814697266,8.231101036071777,0.0
532,6.893131256103516,-21.78251838684082,1.138356328010559,0.0
533,4.753240585327148,-19.163421630859375,4.140539646148682,0.0
534,-18.739789962768555,-32.3737907409668,1.3983800411224365,0.0
535,19.604768753051758,-18.408065795898438,3.6437740325927734,0.0
536,-15.72819995880127,-23.511226654052734,4.599275588989258,0.0
537,-22.453840255737305,-24.768701553344727,-6.13223123550415,0.0
538,-10.600372314453125,-30.842300415039062,-1.3052446842193604,0.0
539,-5.380603790283203,-17.691118240356445,-3.1458024978637695,0.0
540,11.807186126708984,-28.60328483581543,-3.017468214035034,0.0
541,-9.277918815612793,-31.87303352355957,7.25539493560791,0.0
542,-19.44490623474121,-22.119403839111328,3.4617645740509033,0.0
543,-11.723373413085938,-31.2506103515625,6.543841361999512,0.0
544,-13.211919784545898,-32.451377868652344,9.424968719482422,0.0
545,-6.417306900024414,-23.949909210205078,-2.2435338497161865,0.0
546,-9.679973602294922,-26.776081085205078,1.7075382471084595,0.0
547,-4.8456807136535645,-23.95310401916504,2.5813207626342773,0.0
548,-11.59158706665039,-20.997230529785156,6.443453311920166,0.0
549,-12.537841796875,-21.319507598876953,7.906091690063477,0.0
550,-11.330511093139648,-22.07893943786621,4.051929473876953,0.0
0,3.484363555908203,-16.924270629882812,6.518370628356934,1.0
1,-1.8433332443237305,-12.454337120056152,2.913994550704956,1.0
2,-24.901676177978516,-25.059730529785156,7.069276332855225,1.0
3,-12.03437614440918,-6.397238731384277,2.6134862899780273,1.0
4,-51.38252639770508,-2.165313959121704,8.258990287780762,1.0
5,8.451720237731934,-13.60762882232666,3.202669382095337,1.0
6,-26.149532318115234,-18.252153396606445,-14.781439781188965,1.0
7,-17.856014251708984,-34.1931037902832,3.746492385864258,1.0
8,-2.2553153038024902,-37.66986083984375,-5.45377779006958,1.0
9,1.7466092109680176,-28.404151916503906,-1.8612306118011475,1.0
10,-5.7828569412231445,-13.544327735900879,-1.3141902685165405,1.0
11,10.018896102905273,-28.6302490234375,8.645917892456055,1.0
12,0.9267832040786743,-31.42885971069336,0.6009777784347534,1.0
13,-24.177858352661133,-7.933976173400879,15.575194358825684,1.0
14,5.508851051330566,-31.446741104125977,-7.383423805236816,1.0
15,-29.097412109375,-18.505050659179688,-13.761241912841797,1.0
16,-11.793525695800781,-15.437262535095215,-13.391427040100098,1.0
17,-10.367436408996582,-23.202106475830078,-4.019503116607666,1.0
18,0.06835556030273438,-13.924646377563477,-1.204545021057129,1.0
19,-11.780244827270508,-13.032878875732422,11.197734832763672,1.0
20,-19.728343963623047,-26.046836853027344,-3.796051025390625,1.0
21,-9.61783218383789,-10.480710983276367,-7.817856788635254,1.0
22,-10.799219131469727,-20.412147521972656,6.272164821624756,1.0
23,0.3456578254699707,-13.700363159179688,2.76296329498291,1.0
24,-8.94117259979248,-24.160533905029297,2.961620330810547,1.0
25,-47.395015716552734,-21.595863342285156,-23.357460021972656,1.0
26,-40.7689208984375,-22.22466278076172,-16.405261993408203,1.0
27,-35.644752502441406,-18.044994354248047,-5.31989860534668,1.0
28,-33.74124526977539,-12.999555587768555,-5.684739112854004,1.0
29,-4.442326068878174,-17.963212966918945,10.310189247131348,1.0
30,-29.005250930786133,-13.47197151184082,4.159344673156738,1.0
31,-17.185855865478516,-30.43146514892578,18.449718475341797,1.0
32,-1.7678744792938232,-16.3465518951416,-0.7544859051704407,1.0
33,4.888813495635986,-26.40500259399414,0.8046813011169434,1.0
34,6.932260513305664,-23.235511779785156,-2.5896477699279785,1.0
35,5.822718620300293,-15.706653594970703,-4.143269062042236,1.0
36,-0.6529397964477539,-25.31299591064453,-5.6380791664123535,1.0
37,12.58596134185791,-23.166175842285156,-0.41032376885414124,1.0
38,-20.981555938720703,-25.220869064331055,2.9709274768829346,1.0
39,0.9650125503540039,-19.835018157958984,-3.0898895263671875,1.0
40,15.140714645385742,-23.59255027770996,-5.1380157470703125,1.0
41,0.6899349689483643,-20.467422485351562,-0.39215415716171265,1.0
42,-3.5674376487731934,-21.568939208984375,-0.1280660629272461,1.0
43,7.131928443908691,-18.56037139892578,-2.456005811691284,1.0
44,25.246868133544922,-15.527240753173828,-2.903212070465088,1.0
45,2.010244369506836,-20.017059326171875,0.9129612445831299,1.0
46,1.9769057035446167,-12.98685359954834,-0.7600778341293335,1.0
47,-2.0126571655273438,-14.449834823608398,-1.130818486213684,1.0
48,0.39087527990341187,-11.667350769042969,0.4368252754211426,1.0
49,6.297538757324219,-15.87813949584961,-0.07942676544189453,1.0
50,4.445477485656738,-16.901758193969727,1.7722997665405273,1.0
51,8.024258613586426,-18.857528686523438,-0.5185067653656006,1.0
52,6.195662498474121,-17.03300666809082,0.9068251848220825,1.0
53,7.9347920417785645,-14.519678115844727,1.7627251148223877,1.0
54,-37.51396179199219,-38.571807861328125,-1.653653621673584,1.0
55,-29.819915771484375,-38.63582992553711,-6.1290764808654785,1.0
56,-9.351459503173828,-31.938901901245117,1.370713472366333,1.0
57,-27.711891174316406,-43.00892639160156,-0.7288943529129028,1.0
58,1.92855703830719,-17.344160079956055,4.3646321296691895,1.0
59,-16.930706024169922,-36.23263931274414,1.374528408050537,1.0
60,-6.893836975097656,-35.176483154296875,4.16677188873291,1.0
61,3.123270034790039,-25.283191680908203,3.5924341678619385,1.0
62,-18.664344787597656,-33.43637466430664,3.897395372390747,1.0
63,1.32869553565979,-37.168182373046875,6.931845664978027,1.0
64,-10.231719970703125,-30.996360778808594,-0.3488970994949341,1.0
65,13.928909301757812,-30.08560562133789,1.1835596561431885,1.0
66,-8.506953239440918,-28.666698455810547,-1.5734174251556396,1.0
67,7.910702228546143,-23.649497985839844,-11.261499404907227,1.0
68,1.7153491973876953,-24.39453887939453,1.3527950048446655,1.0
69,-3.7293543815612793,-25.402992248535156,-15.367134094238281,1.0
70,-8.420391082763672,-27.15297508239746,-9.388101577758789,1.0
71,-13.416011810302734,-29.1214599609375,-3.419325351715088,1.0
72,4.872072696685791,-28.072805404663086,-2.279263496398926,1.0
73,1.0693427324295044,-28.268348693847656,-2.023369073867798,1.0
74,-4.416249752044678,-33.789817810058594,-3.046621799468994,1.0
75,-20.401039123535156,-19.085596084594727,-5.790735721588135,1.0
76,-22.684589385986328,-14.280341148376465,-20.79796028137207,1.0
77,-11.521002769470215,-26.094139099121094,-2.1489858627319336,1.0
78,20.982128143310547,-22.61825180053711,-4.623527526855469,1.0
79,2.7910807132720947,-29.789344787597656,1.6263070106506348,1.0
80,26.87500762939453,-25.826675415039062,-2.0953638553619385,1.0
81,-3.7773923873901367,-13.83985710144043,-6.919704914093018,1.0
82,6.003684043884277,-31.398239135742188,13.51557445526123,1.0
83,4.700096130371094,-25.06595230102539,1.0944530963897705,1.0
84,5.533418655395508,-20.25145721435547,3.225102663040161,1.0
85,-6.720126628875732,-29.10102081298828,3.2845654487609863,1.0
86,3.4362244606018066,-20.814224243164062,-2.0427064895629883,1.0
87,-0.666845440864563,-26.56403923034668,12.52202320098877,1.0
88,-6.676738739013672,-28.64218521118164,1.2500450611114502,1.0
89,21.32280731201172,-30.96930694580078,9.031023025512695,1.0
90,-19.950424194335938,-24.46563720703125,-7.176105499267578,1.0
91,-3.1342368125915527,-14.822894096374512,-2.2561070919036865,1.0
92,5.818382263183594,-20.820037841796875,3.0270636081695557,1.0
93,4.727047920227051,-24.2369384765625,-1.7411246299743652,1.0
94,2.4613685607910156,-25.963369369506836,1.4965859651565552,1.0
95,1.0902037620544434,-22.105525970458984,-1.477264165878296,1.0
96,5.323854923248291,-27.310962677001953,-0.18994086980819702,1.0
97,7.659219264984131,-20.722686767578125,2.4910192489624023,1.0
98,13.49384593963623,-29.510467529296875,3.2774271965026855,1.0
99,1.3379769325256348,-23.02640151977539,-0.2869681119918823,1.0
100,-11.989386558532715,-23.847930908203125,1.5878567695617676,1.0
101,-1.7499828338623047,-20.389774322509766,-9.649986267089844,1.0
102,-1.1622047424316406,-20.8776912689209,2.419632911682129,1.0
103,6.309844493865967,-26.728363037109375,-2.2369987964630127,1.0
104,5.329325199127197,-28.55634117126465,-3.8732852935791016,1.0
105,3.4548745155334473,-21.43838882446289,2.896129846572876,1.0
106,-29.673450469970703,-16.793981552124023,4.966893672943115,1.0
107,16.015064239501953,-30.155487060546875,5.138188362121582,1.0
108,-16.378097534179688,-27.775407791137695,-5.8437371253967285,1.0
109,-19.399978637695312,-15.166720390319824,7.293156623840332,1.0
110,-12.882165908813477,-30.361351013183594,-5.987306118011475,1.0
111,-6.576853275299072,-19.213836669921875,-5.425950050354004,1.0
112,13.50942325592041,-14.78503704071045,4.2120866775512695,1.0
113,18.28693389892578,-16.698625564575195,11.069538116455078,1.0
114,23.65362548828125,-23.42938232421875,12.124307632446289,1.0
115,24.54620933532715,-17.682567596435547,9.12230110168457,1.0
116,11.621243476867676,-24.027572631835938,15.837847709655762,1.0
117,15.363832473754883,-23.873165130615234,9.194709777832031,1.0
118,19.851152420043945,-22.77756118774414,10.803297996520996,1.0
119,-34.862308502197266,-10.74151611328125,6.950154781341553,1.0
120,9.951700210571289,-21.51567840576172,-2.903707504272461,1.0
121,9.7214937210083,-26.95506477355957,-7.931548118591309,1.0
122,11.286523818969727,-25.11386489868164,-9.917469024658203,1.0
123,-12.618766784667969,-26.14400291442871,2.6283926963806152,1.0
124,9.741816520690918,-24.859397888183594,0.005826711654663086,1.0
125,18.329757690429688,-27.896953582763672,-4.241957664489746,1.0
126,18.811176300048828,-28.744752883911133,-3.4602866172790527,1.0
127,15.033726692199707,-22.332027435302734,-1.7635345458984375,1.0
128,9.040145874023438,-25.2568359375,1.7759478092193604,1.0
129,9.342042922973633,-29.288833618164062,-4.324502944946289,1.0
130,-8.53227710723877,-22.147144317626953,1.637619137763977,1.0
131,18.587692260742188,-17.431482315063477,8.14276123046875,1.0
132,2.224975347518921,-21.079689025878906,-1.7594287395477295,1.0
133,-2.379011869430542,-18.364652633666992,-1.3835535049438477,1.0
134,15.023176193237305,-25.655344009399414,22.277000427246094,1.0
135,6.013884544372559,-21.340057373046875,-0.5040197372436523,1.0
136,12.519132614135742,-11.858592987060547,1.8542189598083496,1.0
137,21.225908279418945,-17.86534881591797,-3.4312753677368164,1.0
138,3.9715332984924316,-19.193004608154297,1.3021454811096191,1.0
139,-8.124564170837402,-17.826515197753906,-11.084142684936523,1.0
140,-4.243220806121826,-17.117870330810547,-0.6706042289733887,1.0
141,-1.8961901664733887,-25.932207107543945,1.0234806537628174,1.0
142,-11.982802391052246,-23.732223510742188,-11.01852035522461,1.0
143,-0.9446053504943848,-25.579532623291016,2.0914735794067383,1.0
144,1.5376168489456177,-30.638839721679688,-8.813274383544922,1.0
145,1.8389546871185303,-31.30160140991211,-2.9410502910614014,1.0
146,10.177206039428711,-24.266016006469727,0.39619672298431396,1.0
147,12.567085266113281,-27.770675659179688,3.584796905517578,1.0
148,0.15837740898132324,-27.847087860107422,-8.55771255493164,1.0
149,-5.039649963378906,-22.30020523071289,-12.288858413696289,1.0
150,-15.409952163696289,-30.279922485351562,1.2800811529159546,1.0
151,-16.97437858581543,-30.402061462402344,2.786327838897705,1.0
152,-15.742837905883789,-29.042869567871094,-7.788576126098633,1.0
153,-24.12383270263672,-26.899078369140625,-11.041792869567871,1.0
154,19.9472713470459,-19.96949005126953,6.870713233947754,1.0
155,-17.519657135009766,-29.04998779296875,-0.5250166654586792,1.0
156,-4.0628509521484375,-26.834228515625,-3.949814558029175,1.0
157,-3.113853931427002,-29.82016372680664,-15.271160125732422,1.0
158,-4.9858784675598145,-22.452030181884766,-5.459680557250977,1.0
159,-23.114730834960938,-30.879688262939453,3.7442238330841064,1.0
160,17.23055076599121,-17.8791561126709,9.016240119934082,1.0
161,8.193425178527832,-6.0689802169799805,-0.06427180767059326,1.0
162,-13.188838958740234,-15.588560104370117,5.061609268188477,1.0
163,-11.572284698486328,-24.512306213378906,3.0938901901245117,1.0
164,-10.492656707763672,-27.70986557006836,1.8662201166152954,1.0
165,-13.518716812133789,-32.719032287597656,5.502863883972168,1.0
166,-9.276174545288086,-37.58361053466797,3.9654641151428223,1.0
167,-3.9901652336120605,-23.146202087402344,2.780034065246582,1.0
168,1.1438850164413452,-33.262638092041016,0.589630126953125,1.0
169,-2.4092729091644287,-18.216197967529297,6.718839168548584,1.0
170,-0.177109956741333,-32.97707748413086,3.779146671295166,1.0
171,6.67770528793335,-28.94122886657715,5.842846870422363,1.0
172,-6.400385856628418,-26.92195701599121,3.682460308074951,1.0
173,-6.209414005279541,-33.254791259765625,6.084983825683594,1.0
174,-6.3050055503845215,-28.03075408935547,3.218474864959717,1.0
175,-5.927628517150879,-28.43732452392578,2.005744457244873,1.0
176,2.7901015281677246,-7.812455654144287,9.59443473815918,1.0
177,7.570167541503906,-8.77081298828125,10.199618339538574,1.0
178,-26.29693603515625,-14.274837493896484,7.295686721801758,1.0
179,13.358440399169922,-32.98371124267578,-9.889288902282715,1.0
180,4.848007678985596,-24.365400314331055,5.63289737701416,1.0
181,-0.7123910188674927,-17.977785110473633,13.046126365661621,1.0
182,-39.70819854736328,15.09109878540039,2.688020944595337,1.0
